request_id,amount_safe_to_pay,affordability_status,recommended_payment_method,payment_plan,earliest_date_for_full_payment,spending_changes_needed,decision_explanation
request_26,15656000,affordable_now,full_payment,2025-08-03:15656000,2025-08-03,none,"Pay IDR 15,656,000 today. This leaves at least IDR 74,815,250 available over the next 90 days."
request_27,6621.26,affordable_now,full_payment,2026-07-05:6670,2026-07-05,none,"Pay ZAR 6,670 today. This leaves at least ZAR 49,458.73 available over the next 90 days."
request_28,291.36,affordable_later,wait,2024-08-15:1302.4,2024-08-15,none,"Pay EUR 1,302.40 in full on 15 August 2024. Paying earlier would take the balance below the EUR 1,100 minimum."
request_29,1331.9,affordable_now,full_payment,2025-11-04:51524,2025-11-04,none,"Pay ZAR 51,524 today. This leaves at least ZAR 40,725.73 available over the next 90 days."
request_30,291.2,affordable_with_plan,installments,2026-04-06:268.74|2026-05-06:268.74|2026-06-05:268.74,2026-04-06,none,"Use 3 installments of USD 268.74, starting 6 April 2026. This leaves at least USD 1,207.78 available."
request_31,2732930.06,affordable_later,wait,2024-10-15:18164000,2024-10-15,none,"Pay IDR 18,164,000 in full on 15 October 2024. Paying earlier would take the balance below the IDR 16,588,900 minimum."
request_32,13372.45,affordable_later,wait,2025-04-15:40018,2025-04-15,none,"Pay ZAR 40,018 in full on 15 April 2025. Paying earlier would take the balance below the ZAR 35,700 minimum."
request_33,31397.36,affordable_later,wait,2026-03-15:118000,2026-03-15,none,"Pay INR 118,000 in full on 15 March 2026. Paying earlier would take the balance below the INR 102,100 minimum."
request_34,129400,affordable_now,full_payment,2024-12-04:129400,2024-12-04,none,"Pay INR 129,400 today. This leaves at least INR 430,352.50 available over the next 90 days."
request_35,22828.79,affordable_later,wait,2026-01-15:212000,2026-01-15,none,"Pay INR 212,000 in full on 15 January 2026. Paying earlier would take the balance below the INR 106,400 minimum."
request_36,581.34,affordable_later,wait,2026-09-15:3954,2026-09-15,none,"Pay USD 3,954 in full on 15 September 2026. Paying earlier would take the balance below the USD 2,400 minimum."
request_37,4417999.26,affordable_later,wait,2024-05-15:14649000,2024-05-15,none,"Pay IDR 14,649,000 in full on 15 May 2024. Paying earlier would take the balance below the IDR 17,056,200 minimum."
request_38,171.81,affordable_later,wait,2025-10-15:971.3,2025-10-15,none,Pay EUR 971.30 in full on 15 October 2025. Paying earlier would take the balance below the EUR 400 minimum.
request_39,56993.98,affordable_later,wait,2026-06-15:208600,2026-06-15,none,"Pay INR 208,600 in full on 15 June 2026. Paying earlier would take the balance below the INR 213,400 minimum."
request_40,357.17,affordable_later,wait,2024-08-15:1290.3,2024-08-15,none,"Pay EUR 1,290.30 in full on 15 August 2024. Paying earlier would take the balance below the EUR 1,500 minimum."
request_41,7917863.25,affordable_later,wait,2026-01-15:38760000,2026-01-15,none,"Pay IDR 38,760,000 in full on 15 January 2026. Paying earlier would take the balance below the IDR 25,366,600 minimum."
request_42,0,not_affordable,not_recommended,none,,none,"Do not make this payment by 15 March 2026. None of the available options keeps the INR 113,100 minimum protected."
request_43,8342128.42,affordable_later,wait,2024-11-15:43339000,2024-11-15,none,"Pay IDR 43,339,000 in full on 15 November 2024. Paying earlier would take the balance below the IDR 21,398,000 minimum."
request_44,30993.06,affordable_later,wait,2025-04-15:95800,2025-04-15,none,"Pay INR 95,800 in full on 15 April 2025. Paying earlier would take the balance below the INR 82,900 minimum."
request_45,3275615.83,affordable_later,wait,2026-09-15:21983000,2026-09-15,none,"Pay IDR 21,983,000 in full on 15 September 2026. Paying earlier would take the balance below the IDR 11,149,800 minimum."
request_46,35126.67,affordable_with_plan,installments,2024-12-03:25714|2024-12-31:25714,2024-12-15,none,"Use 2 installments of INR 25,714, starting 3 December 2024. This leaves at least INR 93,412.66 available."
request_47,385729.05,affordable_now,full_payment,2025-05-05:38114000,2025-05-05,none,"Pay IDR 38,114,000 today. This leaves at least IDR 30,424,549.75 available over the next 90 days."
request_48,45700,affordable_now,full_payment,2026-07-25:45700,2026-07-25,none,"Pay INR 45,700 today. This leaves at least INR 76,341.92 available over the next 90 days."
request_49,12751170.06,affordable_with_plan,installments,2024-03-18:11902106.67|2024-04-18:11902106.67|2024-05-19:11902106.67,2024-05-15,reduce_to:event_4636:696350,"Use 3 installments of IDR 11,902,106.67, starting 18 March 2024. This leaves at least IDR 22,158,309.06 available."
request_50,0,affordable_now,full_payment,2025-08-06:43900,2025-08-06,none,"Pay INR 43,900 today. This leaves at least INR 150,086.75 available over the next 90 days."
request_51,2191000,affordable_now,full_payment,2026-01-03:2191000,2026-01-03,none,"Pay IDR 2,191,000 today. This leaves at least IDR 16,587,494.75 available over the next 90 days."
request_52,19388.71,affordable_later,wait,2024-06-15:28870,2024-06-15,none,"Pay INR 28,870 in full on 15 June 2024. Paying earlier would take the balance below the INR 41,500 minimum."
request_53,465.18,affordable_with_plan,installments,2025-11-21:589.06|2025-12-19:589.06|2026-01-16:589.06,2026-01-15,none,"Use 3 installments of USD 589.06, starting 21 November 2025. This leaves at least USD 2,124.40 available."
request_54,1904.42,not_affordable,not_recommended,none,,none,"Do not proceed with the ZAR 121,528 request. Although ZAR 1,904.42 is available today, the full amount cannot be completed safely within 90 days."
request_55,128967.11,affordable_with_plan,installments,2026-06-11:75781.33|2026-07-12:75781.33|2026-08-12:75781.33,2026-07-15,reduce_to:event_5167:2750,"Use 3 installments of INR 75,781.33, starting 11 June 2026. This leaves at least INR 133,762.58 available."
request_56,635.7,affordable_with_plan,installments,2025-02-03:458.42|2025-03-03:458.42,2025-02-15,none,"Use 2 installments of USD 458.42, starting 3 February 2025. This leaves at least USD 2,277.28 available."
request_57,12901.63,affordable_later,wait,2026-06-15:61446,2026-06-15,none,"Pay ZAR 61,446 in full on 15 June 2026. Paying earlier would take the balance below the ZAR 42,700 minimum."
request_58,0,not_affordable,not_recommended,none,,none,"Do not make this payment by 25 January 2025. None of the available options keeps the IDR 14,433,900 minimum protected."
request_59,130165.01,affordable_with_plan,installments,2025-05-07:48741.33|2025-06-04:48741.33|2025-07-02:48741.33,2025-05-04,none,"Use 3 installments of INR 48,741.33, starting 7 May 2025. This leaves at least INR 270,723.22 available."
request_60,112.71,affordable_later,wait,2026-02-15:199.89,2026-02-15,none,Pay USD 199.89 in full on 15 February 2026. Paying earlier would take the balance below the USD 400 minimum.
request_61,29062,affordable_with_plan,installments,2024-03-17:10074.83|2024-04-17:10074.83|2024-05-18:10074.83,2024-03-03,none,"Use 3 installments of ZAR 10,074.83, starting 17 March 2024. This leaves at least ZAR 38,124.77 available."
request_62,404.23,affordable_now,full_payment,2025-08-05:404.23,2025-08-05,none,"Pay USD 404.23 today. This leaves at least USD 5,189.57 available over the next 90 days."
request_63,37457.15,not_affordable,not_recommended,none,,none,"Do not proceed with the INR 343,900 request. Although INR 37,457.15 is available today, the full amount cannot be completed safely within 90 days."
request_64,0,not_affordable,not_recommended,none,,none,"Do not make this payment by 16 August 2024. None of the available options keeps the INR 36,100 minimum protected."
request_65,5850.39,not_affordable,not_recommended,none,,none,"Do not proceed with the ZAR 54,340 request. Although ZAR 5,850.39 is available today, the full amount cannot be completed safely within 90 days."
request_66,22200,affordable_now,full_payment,2026-04-03:22200,2026-04-03,none,"Pay INR 22,200 today. This leaves at least INR 228,443.57 available over the next 90 days."
request_67,302.26,affordable_later,wait,2024-10-15:2094,2024-10-15,none,"Pay USD 2,094 in full on 15 October 2024. Paying earlier would take the balance below the USD 1,200 minimum."
request_68,1335.8,affordable_with_plan,installments,2025-02-14:725.09|2025-03-14:725.09|2025-04-11:725.09,2025-03-23,none,"Use 3 installments of USD 725.09, starting 14 February 2025. This leaves at least USD 1,591 available."
request_69,529.1,affordable_now,full_payment,2026-01-04:529.1,2026-01-04,none,Pay EUR 529.10 today. This leaves at least EUR 724.42 available over the next 90 days.
request_70,50373.61,affordable_later,wait,2025-02-15:243900,2025-02-15,none,"Pay INR 243,900 in full on 15 February 2025. Paying earlier would take the balance below the INR 115,000 minimum."
request_71,222360.35,not_affordable,not_recommended,none,,none,"Do not proceed with the IDR 21,451,000 request. Although IDR 222,360.35 is available today, the full amount cannot be completed safely within 90 days."
request_72,11330,affordable_now,full_payment,2026-07-05:11330,2026-07-05,none,"Pay ZAR 11,330 today. This leaves at least ZAR 12,402.90 available over the next 90 days."
request_73,71400,affordable_now,full_payment,2023-01-20:71400,2023-01-20,none,"Pay INR 71,400 today. This leaves at least INR 103,751.18 available over the next 90 days."
request_74,5010,affordable_now,full_payment,2025-08-04:5010,2025-08-04,none,"Pay ZAR 5,010 today. This leaves at least ZAR 65,046.90 available over the next 90 days."
request_75,15089.8,affordable_with_plan,installments,2026-04-09:9800.27|2026-05-09:9800.27|2026-06-08:9800.27,2026-04-06,none,"Use 3 installments of ZAR 9,800.27, starting 9 April 2026. This leaves at least ZAR 48,988.36 available."
request_76,721.78,not_affordable,not_recommended,none,2024-08-15,none,"Do not proceed with the USD 4,455.60 request. Although USD 721.78 is available today, the full amount cannot be completed safely within 90 days."
request_77,59872.82,not_affordable,not_recommended,none,2025-11-15,none,"Do not proceed with the INR 60,700 request. Although INR 59,872.82 is available today, the full amount cannot be completed safely within 90 days."
request_78,45837.53,not_affordable,not_recommended,none,2025-10-15,none,"Do not proceed with the INR 50,200 request. Although INR 45,837.53 is available today, the full amount cannot be completed safely within 90 days."
request_79,312.95,not_affordable,not_recommended,none,,none,"Do not proceed with the EUR 2,151.60 request. Although EUR 312.95 is available today, the full amount cannot be completed safely within 90 days."
request_80,110465.79,not_affordable,not_recommended,none,2025-02-15,none,"Do not proceed with the INR 217,500 request. Although INR 110,465.79 is available today, the full amount cannot be completed safely within 90 days."
request_81,2076,affordable_now,full_payment,2026-07-03:2076,2026-07-03,none,"Pay USD 2,076 today. This leaves at least USD 1,717.09 available over the next 90 days."
request_82,310.47,affordable_later,wait,2025-02-15:1405.2,2025-02-15,none,"Pay USD 1,405.20 in full on 15 February 2025. Paying earlier would take the balance below the USD 1,100 minimum."
request_83,7522.86,not_affordable,not_recommended,none,,none,"Do not proceed with the INR 156,200 request. Although INR 7,522.86 is available today, the full amount cannot be completed safely within 90 days."
request_84,21601.3,affordable_later,wait,2026-06-15:95400,2026-06-15,none,"Pay INR 95,400 in full on 15 June 2026. Paying earlier would take the balance below the INR 91,300 minimum."
request_85,367767.97,not_affordable,not_recommended,none,,none,"Do not proceed with the IDR 19,304,000 request. Although IDR 367,767.97 is available today, the full amount cannot be completed safely within 90 days."
request_86,46300,affordable_now,full_payment,2025-08-03:46300,2025-08-03,none,"Pay INR 46,300 today. This leaves at least INR 94,012.70 available over the next 90 days."
request_87,16803.38,not_affordable,not_recommended,none,,none,"Do not proceed with the INR 487,900 request. Although INR 16,803.38 is available today, the full amount cannot be completed safely within 90 days."
request_88,10734,affordable_with_plan,installments,2024-06-14:9045.23|2024-07-15:9045.23|2024-08-15:9045.23,2024-07-15,none,"Use 3 installments of ZAR 9,045.23, starting 14 June 2024. This leaves at least ZAR 27,488.77 available."
request_89,9324615.66,affordable_with_plan,installments,2025-11-18:4768746.67|2025-12-16:4768746.67|2026-01-13:4768746.67,2026-01-15,reduce_to:event_8403:203300|reduce_to:event_8337:266760|stop:event_8335,"Use 3 installments of IDR 4,768,746.67, starting 18 November 2025. This leaves at least IDR 12,554,995.09 available."
request_90,846.25,affordable_now,full_payment,2026-07-06:2560,2026-07-06,none,"Pay ZAR 2,560 today. This leaves at least ZAR 9,647.17 available over the next 90 days."
request_91,312.84,affordable_later,wait,2024-11-15:1927.2,2024-11-15,none,"Pay EUR 1,927.20 in full on 15 November 2024. Paying earlier would take the balance below the EUR 2,100 minimum."
request_92,34034,affordable_now,full_payment,2025-02-05:34034,2025-02-05,none,"Pay ZAR 34,034 today. This leaves at least ZAR 29,789.11 available over the next 90 days."
request_93,1729.2,affordable_now,full_payment,2026-04-07:1729.2,2026-04-07,none,"Pay USD 1,729.20 today. This leaves at least USD 2,003.10 available over the next 90 days."
request_94,572,affordable_now,full_payment,2024-12-04:572,2024-12-04,none,"Pay EUR 572 today. This leaves at least EUR 2,091.60 available over the next 90 days."
request_95,3835.39,not_affordable,not_recommended,none,,none,"Do not proceed with the INR 553,000 request. Although INR 3,835.39 is available today, the full amount cannot be completed safely within 90 days."
request_96,72506.46,affordable_with_plan,installments,2026-01-10:31269.33|2026-02-09:31269.33|2026-03-11:31269.33,2026-02-15,reduce_to:event_8980:1610,"Use 3 installments of INR 31,269.33, starting 10 January 2026. This leaves at least INR 60,371.87 available."
request_97,1454.36,affordable_with_plan,installments,2024-03-19:8145.28|2024-04-19:8145.28|2024-05-20:8145.28,2024-04-15,none,"Use 3 installments of ZAR 8,145.28, starting 19 March 2024. This leaves at least ZAR 31,154.36 available."
request_98,6618.48,affordable_later,wait,2025-10-15:27148,2025-10-15,none,"Pay ZAR 27,148 in full on 15 October 2025. Paying earlier would take the balance below the ZAR 30,000 minimum."
request_99,17497.77,affordable_with_plan,full_payment,2026-07-04:18062,2026-07-15,reduce_to:event_9232:1065.9,"reduce the subscription to ZAR 1,065.90, then pay ZAR 18,062 today. This leaves at least ZAR 49,100 available."
request_100,25122.04,affordable_with_plan,installments,2024-06-13:12866.19|2024-07-14:12866.19|2024-08-14:12866.19,2024-07-15,stop:event_9267,"Use 3 installments of ZAR 12,866.19, starting 13 June 2024. This leaves at least ZAR 33,213.27 available."
request_101,143500,affordable_now,full_payment,2025-11-03:143500,2025-11-03,none,"Pay INR 143,500 today. This leaves at least INR 194,363.68 available over the next 90 days."
request_102,1401.7,affordable_with_plan,installments,2026-04-05:594.88|2026-05-05:594.88|2026-06-04:594.88,2026-04-05,none,"Use 3 installments of EUR 594.88, starting 5 April 2026. This leaves at least EUR 1,100 available."
request_103,1861.95,not_affordable,not_recommended,none,,none,"Do not proceed with the INR 368,300 request. Although INR 1,861.95 is available today, the full amount cannot be completed safely within 90 days."
request_104,17204,affordable_now,full_payment,2025-02-04:17204,2025-02-04,none,"Pay ZAR 17,204 today. This leaves at least ZAR 29,541.53 available over the next 90 days."
request_105,51071.87,affordable_with_plan,full_payment,2026-06-08:53500,2026-06-15,reduce_to:event_9721:1720|reduce_to:event_9720:1632,"reduce the subscription to INR 1,720 and reduce the subscription to INR 1,632, then pay INR 53,500 today. This leaves at least INR 73,900 available."
request_106,459.88,affordable_later,wait,2025-02-15:2207.7,2025-02-15,none,"Pay EUR 2,207.70 in full on 15 February 2025. Paying earlier would take the balance below the EUR 1,200 minimum."
request_107,2430.75,affordable_with_plan,installments,2025-05-08:878.59|2025-06-05:878.59|2025-07-03:878.59,2025-06-15,none,"Use 3 installments of EUR 878.59, starting 8 May 2025. This leaves at least EUR 2,344.93 available."
request_108,1754.06,not_affordable,not_recommended,none,2026-09-15,none,"Do not proceed with the ZAR 55,308 request. Although ZAR 1,754.06 is available today, the full amount cannot be completed safely within 90 days."
request_109,469.55,not_affordable,not_recommended,none,2024-05-15,none,"Do not proceed with the EUR 1,863.40 request. Although EUR 469.55 is available today, the full amount cannot be completed safely within 90 days."
request_110,22352,affordable_with_plan,installments,2025-08-06:7748.69|2025-09-03:7748.69|2025-10-01:7748.69,2025-08-06,none,"Use 3 installments of ZAR 7,748.69, starting 6 August 2025. This leaves at least ZAR 43,739.76 available."
request_111,16625000,affordable_now,full_payment,2026-04-03:16625000,2026-04-03,none,"Pay IDR 16,625,000 today. This leaves at least IDR 54,128,194.28 available over the next 90 days."
request_112,271.7,affordable_now,full_payment,2024-06-05:271.7,2024-06-05,none,Pay EUR 271.70 today. This leaves at least EUR 513.94 available over the next 90 days.
request_113,19053.02,affordable_later,wait,2026-10-15:36500,2026-10-15,none,"Pay INR 36,500 in full on 15 October 2026. Paying earlier would take the balance below the INR 82,300 minimum."
request_114,55013.54,not_affordable,not_recommended,none,2026-01-15,none,"Do not proceed with the INR 65,300 request. Although INR 55,013.54 is available today, the full amount cannot be completed safely within 90 days."
request_115,14848.08,affordable_later,wait,2024-11-15:80500,2024-11-15,none,"Pay INR 80,500 in full on 15 November 2024. Paying earlier would take the balance below the INR 38,800 minimum."
request_116,9538.6,not_affordable,not_recommended,none,,none,"Do not proceed with the INR 241,200 request. Although INR 9,538.60 is available today, the full amount cannot be completed safely within 90 days."
request_117,857.36,affordable_with_plan,full_payment,2026-07-05:880,2026-07-15,reduce_to:event_10878:20.5|stop:event_10833,"reduce the subscription to EUR 20.50 and Stop the subscription, then pay EUR 880 today. This leaves at least EUR 1,000 available."
request_118,660.47,affordable_with_plan,installments,2024-12-07:255.87|2025-01-07:255.87|2025-02-07:255.87,2025-01-15,none,"Use 3 installments of EUR 255.87, starting 7 December 2024. This leaves at least EUR 810.17 available."
request_119,59015.03,not_affordable,not_recommended,none,2025-06-15,none,"Do not proceed with the INR 203,500 request. Although INR 59,015.03 is available today, the full amount cannot be completed safely within 90 days."
request_120,7714000,affordable_now,full_payment,2026-04-06:7714000,2026-04-06,none,"Pay IDR 7,714,000 today. This leaves at least IDR 20,869,197.58 available over the next 90 days."
request_121,633.6,affordable_now,full_payment,2024-03-03:633.6,2024-03-03,none,Pay USD 633.60 today. This leaves at least USD 856.72 available over the next 90 days.
request_122,20558000,affordable_with_plan,installments,2025-08-05:7126773.33|2025-09-02:7126773.33|2025-09-30:7126773.33,2025-08-05,none,"Use 3 installments of IDR 7,126,773.33, starting 5 August 2025. This leaves at least IDR 54,551,942.96 available."
request_123,0,affordable_now,full_payment,2026-01-07:4076000,2026-01-07,none,"Pay IDR 4,076,000 today. This leaves at least IDR 20,045,074.10 available over the next 90 days."
request_124,1402.01,affordable_with_plan,installments,2024-06-11:1076.12|2024-07-12:1076.12|2024-08-12:1076.12,2024-07-15,reduce_to:event_11480:38,"Use 3 installments of EUR 1,076.12, starting 11 June 2024. This leaves at least EUR 1,649.12 available."
request_125,5733.11,not_affordable,not_recommended,none,2025-11-15,none,"Do not proceed with the ZAR 6,468 request. Although ZAR 5,733.11 is available today, the full amount cannot be completed safely within 90 days."
request_126,13913.63,affordable_now,full_payment,2026-07-03:159600,2026-07-03,none,"Pay INR 159,600 today. This leaves at least INR 169,367.41 available over the next 90 days."
request_127,7377.02,affordable_later,wait,2024-10-15:23980,2024-10-15,none,"Pay ZAR 23,980 in full on 15 October 2024. Paying earlier would take the balance below the ZAR 41,000 minimum."
request_128,25168,affordable_now,full_payment,2025-02-07:25168,2025-02-07,none,"Pay ZAR 25,168 today. This leaves at least ZAR 44,170.38 available over the next 90 days."
request_129,113.98,not_affordable,not_recommended,none,,none,"Do not proceed with the USD 2,668.80 request. Although USD 113.98 is available today, the full amount cannot be completed safely within 90 days."
request_130,364.73,affordable_later,wait,2025-02-15:1978.8,2025-02-15,none,"Pay USD 1,978.80 in full on 15 February 2025. Paying earlier would take the balance below the USD 1,400 minimum."
request_131,1136.97,affordable_with_plan,installments,2025-05-06:643.14|2025-06-03:643.14|2025-07-01:643.14,2025-06-23,none,"Use 3 installments of USD 643.14, starting 6 May 2025. This leaves at least USD 1,259.62 available."
request_132,265.66,affordable_later,wait,2026-01-15:379.86,2026-01-15,none,"Pay USD 379.86 in full on 15 January 2026. Paying earlier would take the balance below the USD 1,100 minimum."
request_133,0,not_affordable,not_recommended,none,2024-03-07,none,"Do not make this payment by 29 March 2024. None of the available options keeps the IDR 9,986,200 minimum protected."
request_134,4451971.39,affordable_later,wait,2025-10-15:21831000,2025-10-15,none,"Pay IDR 21,831,000 in full on 15 October 2025. Paying earlier would take the balance below the IDR 15,902,500 minimum."
request_135,284.77,affordable_with_plan,full_payment,2026-07-06:304.8,2026-07-15,stop:event_12413,"Stop the subscription, then pay USD 304.80 today. This leaves at least USD 500 available."
request_136,529.36,affordable_with_plan,full_payment,2024-06-03:560.4,2024-06-15,reduce_to:event_12498:27.2,"reduce the subscription to USD 27.20, then pay USD 560.40 today. This leaves at least USD 1,100 available."
request_137,26148.15,affordable_later,wait,2026-01-15:80100,2026-01-15,none,"Pay INR 80,100 in full on 15 January 2026. Paying earlier would take the balance below the INR 71,800 minimum."
request_138,750.73,affordable_with_plan,installments,2026-04-07:435.74|2026-05-05:435.74|2026-06-02:435.74,2026-04-15,none,"Use 3 installments of EUR 435.74, starting 7 April 2026. This leaves at least EUR 2,614.98 available."
request_139,1342.41,not_affordable,not_recommended,none,2024-11-15,none,"Do not proceed with the USD 2,316 request. Although USD 1,342.41 is available today, the full amount cannot be completed safely within 90 days."
request_140,1425.82,not_affordable,not_recommended,none,,none,"Do not proceed with the ZAR 62,832 request. Although ZAR 1,425.82 is available today, the full amount cannot be completed safely within 90 days."
request_141,18624.38,not_affordable,not_recommended,none,,none,"Do not proceed with the INR 171,600 request. Although INR 18,624.38 is available today, the full amount cannot be completed safely within 90 days."
request_142,1263.6,affordable_now,full_payment,2024-12-05:1263.6,2024-12-05,none,"Pay USD 1,263.60 today. This leaves at least USD 5,224.26 available over the next 90 days."
request_143,2465.23,affordable_later,wait,2025-07-15:12584,2025-07-15,none,"Pay ZAR 12,584 in full on 15 July 2025. Paying earlier would take the balance below the ZAR 11,300 minimum."
request_144,233.34,affordable_now,full_payment,2026-07-04:233.34,2026-07-04,none,Pay USD 233.34 today. This leaves at least USD 617.18 available over the next 90 days.
request_145,28335.58,affordable_with_plan,installments,2024-03-20:75365.33|2024-04-20:75365.33|2024-05-21:75365.33,2024-05-15,reduce_to:event_13409:3335,"Use 3 installments of INR 75,365.33, starting 20 March 2024. This leaves at least INR 156,000.78 available."
request_146,16093.18,not_affordable,not_recommended,none,,none,"Do not proceed with the INR 449,400 request. Although INR 16,093.18 is available today, the full amount cannot be completed safely within 90 days."
request_147,478.22,affordable_with_plan,installments,2026-04-08:391.63|2026-05-08:391.63|2026-06-07:391.63,2026-05-15,none,"Use 3 installments of EUR 391.63, starting 8 April 2026. This leaves at least EUR 986.59 available."
request_148,7120.38,not_affordable,not_recommended,none,2024-08-15,none,"Do not proceed with the ZAR 22,242 request. Although ZAR 7,120.38 is available today, the full amount cannot be completed safely within 90 days."
request_149,22537.15,affordable_with_plan,installments,2025-11-18:12706.03|2025-12-16:12706.03|2026-01-13:12706.03,2025-12-15,none,"Use 3 installments of ZAR 12,706.03, starting 18 November 2025. This leaves at least ZAR 43,656.27 available."
request_150,256.49,affordable_with_plan,installments,2026-01-06:171.98|2026-02-05:171.98|2026-03-07:171.98,2026-03-15,reduce_to:event_13787:16|stop:event_13786,"Use 3 installments of EUR 171.98, starting 6 January 2026. This leaves at least EUR 717.22 available."
request_151,26999000,affordable_now,full_payment,2024-09-03:26999000,2024-09-03,none,"Pay IDR 26,999,000 today. This leaves at least IDR 32,313,505.96 available over the next 90 days."
request_152,11114.64,affordable_with_plan,installments,2025-02-12:4812.43|2025-03-12:4812.43|2025-04-09:4812.43,2025-04-15,reduce_to:event_14024:234.3|stop:event_13958,"Use 3 installments of ZAR 4,812.43, starting 12 February 2025. This leaves at least ZAR 12,312.40 available."
request_153,8.58,not_affordable,not_recommended,none,,none,"Do not proceed with the USD 2,830.80 request. Although USD 8.58 is available today, the full amount cannot be completed safely within 90 days."
request_154,0,not_affordable,not_recommended,none,,none,"Do not make this payment by 14 February 2025. None of the available options keeps the EUR 1,300 minimum protected."
request_155,112500,affordable_now,full_payment,2025-05-06:112500,2025-05-06,none,"Pay INR 112,500 today. This leaves at least INR 76,181.32 available over the next 90 days."
request_156,8474.34,affordable_later,wait,2026-06-15:43076,2026-06-15,none,"Pay ZAR 43,076 in full on 15 June 2026. Paying earlier would take the balance below the ZAR 26,900 minimum."
request_157,4753445.22,affordable_later,wait,2024-05-15:23503000,2024-05-15,none,"Pay IDR 23,503,000 in full on 15 May 2024. Paying earlier would take the balance below the IDR 15,714,100 minimum."
request_158,242600,affordable_with_plan,installments,2025-08-07:84101.33|2025-09-04:84101.33|2025-10-02:84101.33,2025-08-07,none,"Use 3 installments of INR 84,101.33, starting 7 August 2025. This leaves at least INR 622,210.07 available."
request_159,0,not_affordable,not_recommended,none,,none,"Do not make this payment by 20 March 2026. None of the available options keeps the ZAR 8,700 minimum protected."
request_160,570.29,affordable_with_plan,installments,2024-06-13:432.05|2024-07-14:432.05|2024-08-14:432.05,2024-07-15,none,"Use 3 installments of EUR 432.05, starting 13 June 2024. This leaves at least EUR 1,338.24 available."
request_161,6808760.94,affordable_later,wait,2026-01-15:21204000,2026-01-15,none,"Pay IDR 21,204,000 in full on 15 January 2026. Paying earlier would take the balance below the IDR 23,010,400 minimum."
request_162,1123678.77,not_affordable,not_recommended,none,,none,"Do not proceed with the IDR 83,923,000 request. Although IDR 1,123,678.77 is available today, the full amount cannot be completed safely within 90 days."
request_163,8739824.67,affordable_with_plan,installments,2024-09-10:6692053.33|2024-10-11:6692053.33|2024-11-11:6692053.33,2024-11-15,reduce_to:event_15018:664050,"Use 3 installments of IDR 6,692,053.33, starting 10 September 2024. This leaves at least IDR 28,936,716.80 available."
request_164,27018000,affordable_with_plan,installments,2025-02-11:9366240|2025-03-11:9366240|2025-04-08:9366240,2025-02-04,none,"Use 3 installments of IDR 9,366,240, starting 11 February 2025. This leaves at least IDR 49,731,898.42 available."
request_165,65790.12,affordable_now,full_payment,2026-04-06:80600,2026-04-06,none,"Pay INR 80,600 today. This leaves at least INR 255,539.23 available over the next 90 days."
request_166,2907.6,affordable_with_plan,installments,2024-12-03:1007.97|2025-01-03:1007.97|2025-02-03:1007.97,2024-12-03,none,"Use 3 installments of USD 1,007.97, starting 3 December 2024. This leaves at least USD 7,473.18 available."
request_167,43802,affordable_now,full_payment,2025-05-05:43802,2025-05-05,none,"Pay ZAR 43,802 today. This leaves at least ZAR 36,465.88 available over the next 90 days."
request_168,30941.36,affordable_with_plan,partial_payment,2026-01-07:30941.36|2026-02-15:18438.64,2026-02-15,none,"Pay INR 30,941.36 today and the remaining INR 18,438.64 on 15 February 2026. This completes the full request and keeps the INR 114,400 minimum protected."
request_169,41976,affordable_now,full_payment,2024-03-04:41976,2024-03-04,none,"Pay ZAR 41,976 today. This leaves at least ZAR 23,870.63 available over the next 90 days."
request_170,30061352.59,affordable_with_plan,installments,2025-08-06:12804480|2025-09-03:12804480|2025-10-01:12804480,2025-09-15,none,"Use 3 installments of IDR 12,804,480, starting 6 August 2025. This leaves at least IDR 35,237,812.88 available."
request_171,33.69,not_affordable,not_recommended,none,,none,"Do not proceed with the EUR 1,878.80 request. Although EUR 33.69 is available today, the full amount cannot be completed safely within 90 days."
request_172,9130.37,affordable_with_plan,partial_payment,2024-06-05:9130.37|2024-06-15:1069.63,2024-06-15,none,"Pay ZAR 9,130.37 today and the remaining ZAR 1,069.63 on 15 June 2024. This completes the full request and keeps the ZAR 27,200 minimum protected."
request_173,55311.89,affordable_with_plan,installments,2025-11-21:39173.33|2025-12-19:39173.33|2026-01-16:39173.33,2026-01-15,none,"Use 3 installments of INR 39,173.33, starting 21 November 2025. This leaves at least INR 81,343.58 available."
request_174,1081.04,affordable_with_plan,installments,2026-04-04:397.35|2026-05-04:397.35|2026-06-03:397.35,2026-04-04,none,"Use 3 installments of EUR 397.35, starting 4 April 2026. This leaves at least EUR 974.24 available."
request_175,2346.3,affordable_now,full_payment,2024-09-06:2346.3,2024-09-06,none,"Pay EUR 2,346.30 today. This leaves at least EUR 1,894.95 available over the next 90 days."
request_176,369.74,not_affordable,not_recommended,none,,none,"Do not proceed with the EUR 1,239.70 request. Although EUR 369.74 is available today, the full amount cannot be completed safely within 90 days."
request_177,1017.6,affordable_now,full_payment,2026-01-05:1017.6,2026-01-05,none,"Pay USD 1,017.60 today. This leaves at least USD 1,381.96 available over the next 90 days."
request_178,2938.1,affordable_with_plan,installments,2024-12-07:1018.54|2025-01-07:1018.54|2025-02-07:1018.54,2024-12-07,none,"Use 3 installments of EUR 1,018.54, starting 7 December 2024. This leaves at least EUR 6,231.88 available."
request_179,6506134.09,affordable_later,wait,2025-07-15:41648000,2025-07-15,none,"Pay IDR 41,648,000 in full on 15 July 2025. Paying earlier would take the balance below the IDR 41,430,800 minimum."
request_180,66500,affordable_now,full_payment,2026-07-06:66500,2026-07-06,none,"Pay INR 66,500 today. This leaves at least INR 47,506.46 available over the next 90 days."
request_181,284.65,not_affordable,not_recommended,none,,none,"Do not proceed with the USD 5,059.20 request. Although USD 284.65 is available today, the full amount cannot be completed safely within 90 days."
request_182,65714,affordable_now,full_payment,2025-08-05:65714,2025-08-05,none,"Pay ZAR 65,714 today. This leaves at least ZAR 42,574.98 available over the next 90 days."
request_183,22993892.66,affordable_with_plan,installments,2026-04-10:9313546.67|2026-05-10:9313546.67|2026-06-09:9313546.67,2026-05-15,reduce_to:event_16816:342000,"Use 3 installments of IDR 9,313,546.67, starting 10 April 2026. This leaves at least IDR 12,395,785.76 available."
request_184,7499.24,not_affordable,not_recommended,none,,none,"Do not proceed with the INR 251,900 request. Although INR 7,499.24 is available today, the full amount cannot be completed safely within 90 days."
request_185,310.35,affordable_later,wait,2026-01-15:1257.3,2026-01-15,none,"Pay EUR 1,257.30 in full on 15 January 2026. Paying earlier would take the balance below the EUR 1,300 minimum."
request_186,4083.95,affordable_later,wait,2026-03-15:26554,2026-03-15,none,"Pay ZAR 26,554 in full on 15 March 2026. Paying earlier would take the balance below the ZAR 22,000 minimum."
request_187,37750.93,affordable_later,wait,2024-11-15:187500,2024-11-15,none,"Pay INR 187,500 in full on 15 November 2024. Paying earlier would take the balance below the INR 128,300 minimum."
request_188,107.67,not_affordable,not_recommended,none,,none,"Do not proceed with the EUR 2,464 request. Although EUR 107.67 is available today, the full amount cannot be completed safely within 90 days."
request_189,488.4,affordable_now,full_payment,2026-07-04:488.4,2026-07-04,none,Pay EUR 488.40 today. This leaves at least EUR 473.92 available over the next 90 days.
request_190,467.31,affordable_later,wait,2025-02-15:2557.5,2025-02-15,none,"Pay EUR 2,557.50 in full on 15 February 2025. Paying earlier would take the balance below the EUR 1,600 minimum."
request_191,664.4,affordable_now,full_payment,2025-05-03:664.4,2025-05-03,none,Pay EUR 664.40 today. This leaves at least EUR 602.06 available over the next 90 days.
request_192,91.08,not_affordable,not_recommended,none,,none,"Do not proceed with the USD 2,046 request. Although USD 91.08 is available today, the full amount cannot be completed safely within 90 days."
request_193,23.73,affordable_with_plan,installments,2024-03-21:420.23|2024-04-21:420.23|2024-05-22:420.23,2024-05-15,none,"Use 3 installments of EUR 420.23, starting 21 March 2024. This leaves at least EUR 1,023.73 available."
request_194,33536.97,affordable_later,wait,2025-10-23:132800,2025-10-23,none,"Pay INR 132,800 in full on 23 October 2025. Paying earlier would take the balance below the INR 113,600 minimum."
request_195,962.61,affordable_with_plan,installments,2026-01-09:405.74|2026-02-08:405.74|2026-03-10:405.74,2026-02-15,none,"Use 3 installments of EUR 405.74, starting 9 January 2026. This leaves at least EUR 867.79 available."
request_196,762.3,affordable_now,full_payment,2024-06-03:762.3,2024-06-03,none,Pay EUR 762.30 today. This leaves at least EUR 666.40 available over the next 90 days.
request_197,50939000,affordable_with_plan,installments,2025-11-19:17658853.33|2025-12-17:17658853.33|2026-01-14:17658853.33,2025-11-05,none,"Use 3 installments of IDR 17,658,853.33, starting 19 November 2025. This leaves at least IDR 28,526,226.65 available."
request_198,185800,affordable_now,full_payment,2026-07-07:185800,2026-07-07,none,"Pay INR 185,800 today. This leaves at least INR 157,270.87 available over the next 90 days."
request_199,23674000,affordable_with_plan,installments,2024-09-07:8206986.67|2024-10-08:8206986.67|2024-11-08:8206986.67,2024-09-04,none,"Use 3 installments of IDR 8,206,986.67, starting 7 September 2024. This leaves at least IDR 40,311,466.75 available."
request_200,21717000,affordable_now,full_payment,2025-02-06:21717000,2025-02-06,none,"Pay IDR 21,717,000 today. This leaves at least IDR 24,441,874.11 available over the next 90 days."
request_201,22930815.85,affordable_now,full_payment,2026-04-03:23997000,2026-04-03,none,"Pay IDR 23,997,000 today. This leaves at least IDR 36,354,029.13 available over the next 90 days."
request_202,123900,affordable_now,full_payment,2024-12-05:123900,2024-12-05,none,"Pay INR 123,900 today. This leaves at least INR 167,099.58 available over the next 90 days."
request_203,1144.68,affordable_with_plan,installments,2025-05-10:499.93|2025-06-07:499.93|2025-07-05:499.93,2025-05-07,none,"Use 3 installments of EUR 499.93, starting 10 May 2025. This leaves at least EUR 2,725.78 available."
request_204,567.14,affordable_later,wait,2026-01-15:588.74,2026-01-15,none,"Pay EUR 588.74 in full on 15 January 2026. Paying earlier would take the balance below the EUR 1,300 minimum."
request_205,10621000,affordable_now,full_payment,2024-03-06:10621000,2024-03-06,none,"Pay IDR 10,621,000 today. This leaves at least IDR 15,473,872.49 available over the next 90 days."
request_206,1404.7,affordable_with_plan,installments,2025-08-03:486.96|2025-08-31:486.96|2025-09-28:486.96,2025-08-03,none,"Use 3 installments of EUR 486.96, starting 3 August 2025. This leaves at least EUR 4,292.08 available."
request_207,4417.92,affordable_later,wait,2026-07-15:11830,2026-07-15,none,"Pay ZAR 11,830 in full on 15 July 2026. Paying earlier would take the balance below the ZAR 13,600 minimum."
request_208,3015814.3,affordable_later,wait,2024-06-15:4413000,2024-06-15,none,"Pay IDR 4,413,000 in full on 15 June 2024. Paying earlier would take the balance below the IDR 10,470,700 minimum."
request_209,1598.1,not_affordable,not_recommended,none,,none,"Do not proceed with the ZAR 56,914 request. Although ZAR 1,598.10 is available today, the full amount cannot be completed safely within 90 days."
request_210,833.79,affordable_with_plan,installments,2026-04-06:471.48|2026-05-04:471.48|2026-06-01:471.48,2026-04-15,none,"Use 3 installments of USD 471.48, starting 6 April 2026. This leaves at least USD 2,362.30 available."
request_211,265.15,affordable_later,wait,2024-10-15:1788.6,2024-10-15,none,"Pay EUR 1,788.60 in full on 15 October 2024. Paying earlier would take the balance below the EUR 1,500 minimum."
request_212,5599242.99,not_affordable,not_recommended,none,,none,"Do not proceed with the IDR 71,934,000 request. Although IDR 5,599,242.99 is available today, the full amount cannot be completed safely within 90 days."
request_213,2249.77,affordable_with_plan,installments,2026-01-21:1165.63|2026-02-20:1165.63|2026-03-22:1165.63,2026-01-07,none,"Use 3 installments of USD 1,165.63, starting 21 January 2026. This leaves at least USD 2,464.60 available."
request_214,41804.88,affordable_with_plan,partial_payment,2024-12-04:41804.88|2024-12-15:27945.12,2024-12-15,none,"Pay INR 41,804.88 today and the remaining INR 27,945.12 on 15 December 2024. This completes the full request and keeps the INR 174,900 minimum protected."
request_215,28242.2,affordable_with_plan,installments,2025-05-09:10395.15|2025-06-06:10395.15|2025-07-04:10395.15,2025-05-06,none,"Use 3 installments of ZAR 10,395.15, starting 9 May 2025. This leaves at least ZAR 26,039.04 available."
request_216,477.27,affordable_later,wait,2026-09-15:3332.4,2026-09-15,none,"Pay USD 3,332.40 in full on 15 September 2026. Paying earlier would take the balance below the USD 1,800 minimum."
request_217,19532.66,affordable_with_plan,installments,2024-03-19:12889.07|2024-04-19:12889.07|2024-05-20:12889.07,2024-05-15,none,"Use 3 installments of ZAR 12,889.07, starting 19 March 2024. This leaves at least ZAR 27,120.48 available."
request_218,24459217.7,affordable_with_plan,installments,2025-08-07:21195893.33|2025-09-04:21195893.33|2025-10-02:21195893.33,2025-09-15,none,"Use 3 installments of IDR 21,195,893.33, starting 7 August 2025. This leaves at least IDR 37,740,524.37 available."
request_219,703.24,affordable_with_plan,installments,2026-04-07:580.01|2026-05-07:580.01|2026-06-06:580.01,2026-05-15,none,"Use 3 installments of EUR 580.01, starting 7 April 2026. This leaves at least EUR 1,176.77 available."
request_220,68.86,not_affordable,not_recommended,none,,none,"Do not proceed with the EUR 3,118.50 request. Although EUR 68.86 is available today, the full amount cannot be completed safely within 90 days."
request_221,109800,affordable_now,full_payment,2025-11-03:109800,2025-11-03,none,"Pay INR 109,800 today. This leaves at least INR 102,957.77 available over the next 90 days."
request_222,31651.05,affordable_now,full_payment,2026-01-05:34078,2026-01-05,none,"Pay ZAR 34,078 today. This leaves at least ZAR 39,332.98 available over the next 90 days."
request_223,898.7,affordable_now,full_payment,2024-09-07:898.7,2024-09-07,none,Pay EUR 898.70 today. This leaves at least EUR 993.77 available over the next 90 days.
request_224,10151519.02,affordable_with_plan,partial_payment,2025-02-04:10151519.02|2025-02-15:175480.98,2025-02-15,none,"Pay IDR 10,151,519.02 today and the remaining IDR 175,480.98 on 15 February 2025. This completes the full request and keeps the IDR 22,187,600 minimum protected."
request_225,9636373.35,affordable_with_plan,installments,2026-07-20:7647120|2026-08-19:7647120|2026-09-18:7647120,2026-09-15,stop:event_20650,"Use 3 installments of IDR 7,647,120, starting 20 July 2026. This leaves at least IDR 17,750,578.87 available."
request_226,157000,affordable_now,full_payment,2024-12-03:157000,2024-12-03,none,"Pay INR 157,000 today. This leaves at least INR 231,857.11 available over the next 90 days."
request_227,7161.65,not_affordable,not_recommended,none,,none,"Do not proceed with the INR 259,700 request. Although INR 7,161.65 is available today, the full amount cannot be completed safely within 90 days."
request_228,1656800.89,not_affordable,not_recommended,none,,none,"Do not proceed with the IDR 63,327,000 request. Although IDR 1,656,800.89 is available today, the full amount cannot be completed safely within 90 days."
request_229,441.05,affordable_with_plan,installments,2024-03-18:529.29|2024-04-18:529.29|2024-05-19:529.29,2024-05-15,none,"Use 3 installments of EUR 529.29, starting 18 March 2024. This leaves at least EUR 1,071.62 available."
request_230,0,not_affordable,not_recommended,none,,none,"Do not make this payment by 4 October 2025. None of the available options keeps the EUR 2,000 minimum protected."
request_231,30824.69,affordable_with_plan,installments,2026-01-06:12378.08|2026-02-05:12378.08|2026-03-07:12378.08,2026-02-15,reduce_to:event_21305:845.9,"Use 3 installments of ZAR 12,378.08, starting 6 January 2026. This leaves at least ZAR 32,705.76 available."
request_232,673.74,affordable_later,wait,2024-08-15:1970.1,2024-08-15,none,"Pay EUR 1,970.10 in full on 15 August 2024. Paying earlier would take the balance below the EUR 2,400 minimum."
request_233,3753923.28,affordable_with_plan,installments,2025-11-14:3245320|2025-12-15:3245320,2025-11-15,none,"Use 2 installments of IDR 3,245,320, starting 14 November 2025. This leaves at least IDR 10,874,303.28 available."
request_234,180.95,affordable_later,wait,2026-09-15:1213.3,2026-09-15,none,"Pay EUR 1,213.30 in full on 15 September 2026. Paying earlier would take the balance below the EUR 700 minimum."
request_235,967.2,affordable_now,full_payment,2024-09-06:967.2,2024-09-06,none,Pay USD 967.20 today. This leaves at least USD 830.99 available over the next 90 days.
request_236,5890616.78,not_affordable,not_recommended,none,,none,"Do not proceed with the IDR 52,383,000 request. Although IDR 5,890,616.78 is available today, the full amount cannot be completed safely within 90 days."
request_237,22695701.34,affordable_now,full_payment,2026-04-05:23826000,2026-04-05,none,"Pay IDR 23,826,000 today. This leaves at least IDR 50,209,051.44 available over the next 90 days."
request_238,0,not_affordable,not_recommended,none,,none,Do not make this payment by 16 February 2025. None of the available options keeps the USD 700 minimum protected.
request_239,642,affordable_now,full_payment,2025-05-04:642,2025-05-04,none,Pay USD 642 today. This leaves at least USD 657.81 available over the next 90 days.
request_240,13949.09,not_affordable,not_recommended,none,,none,"Do not proceed with the INR 101,200 request. Although INR 13,949.09 is available today, the full amount cannot be completed safely within 90 days."
request_241,21052000,affordable_with_plan,installments,2024-03-17:7298026.67|2024-04-17:7298026.67|2024-05-18:7298026.67,2024-03-03,none,"Use 3 installments of IDR 7,298,026.67, starting 17 March 2024. This leaves at least IDR 21,814,832.61 available."
request_242,26.08,not_affordable,not_recommended,none,,none,"Do not proceed with the EUR 1,966.80 request. Although EUR 26.08 is available today, the full amount cannot be completed safely within 90 days."
request_243,17468,affordable_now,full_payment,2026-07-07:17468,2026-07-07,none,"Pay ZAR 17,468 today. This leaves at least ZAR 22,959.16 available over the next 90 days."
request_244,49918,affordable_now,full_payment,2024-06-04:49918,2024-06-04,none,"Pay ZAR 49,918 today. This leaves at least ZAR 56,766.94 available over the next 90 days."
request_245,23807.11,affordable_later,wait,2026-01-15:128500,2026-01-15,none,"Pay INR 128,500 in full on 15 January 2026. Paying earlier would take the balance below the INR 94,600 minimum."
request_246,64086,affordable_with_plan,installments,2026-04-03:22216.48|2026-05-03:22216.48|2026-06-02:22216.48,2026-04-03,none,"Use 3 installments of ZAR 22,216.48, starting 3 April 2026. This leaves at least ZAR 71,802.05 available."
request_247,1059.3,affordable_now,full_payment,2024-09-05:1059.3,2024-09-05,none,"Pay EUR 1,059.30 today. This leaves at least EUR 1,346.42 available over the next 90 days."
request_248,935.14,not_affordable,not_recommended,none,2025-04-15,none,"Do not proceed with the USD 1,965.60 request. Although USD 935.14 is available today, the full amount cannot be completed safely within 90 days."
request_249,126.88,affordable_later,wait,2026-03-15:643.2,2026-03-15,none,Pay USD 643.20 in full on 15 March 2026. Paying earlier would take the balance below the USD 600 minimum.
request_250,15480.52,not_affordable,not_recommended,none,,none,"Do not proceed with the ZAR 124,278 request. Although ZAR 15,480.52 is available today, the full amount cannot be completed safely within 90 days."
request_251,105.42,not_affordable,not_recommended,none,2025-05-03,none,"Do not proceed with the EUR 1,513.60 request. Although EUR 105.42 is available today, the full amount cannot be completed safely within 90 days."
request_252,3991159.21,affordable_later,wait,2026-09-15:28082000,2026-09-15,none,"Pay IDR 28,082,000 in full on 15 September 2026. Paying earlier would take the balance below the IDR 15,152,200 minimum."
request_253,1371.57,affordable_with_plan,installments,2024-03-21:984.6|2024-04-21:984.6|2024-05-22:984.6,2024-05-15,none,"Use 3 installments of EUR 984.60, starting 21 March 2024. This leaves at least EUR 2,444.42 available."
request_254,636.46,affordable_later,wait,2025-10-15:3535.2,2025-10-15,none,"Pay USD 3,535.20 in full on 15 October 2025. Paying earlier would take the balance below the USD 2,500 minimum."
request_255,646639.08,affordable_now,full_payment,2026-04-06:3345000,2026-04-06,none,"Pay IDR 3,345,000 today. This leaves at least IDR 13,496,475.33 available over the next 90 days."
request_256,152538.57,affordable_with_plan,installments,2024-06-10:75816|2024-07-11:75816|2024-08-11:75816,2024-07-15,none,"Use 3 installments of INR 75,816, starting 10 June 2024. This leaves at least INR 185,935.77 available."
request_257,307.8,affordable_later,wait,2026-01-15:1352.4,2026-01-15,none,"Pay USD 1,352.40 in full on 15 January 2026. Paying earlier would take the balance below the USD 1,600 minimum."
request_258,1113.6,affordable_now,full_payment,2026-01-07:1113.6,2026-01-07,none,"Pay USD 1,113.60 today. This leaves at least USD 1,208.27 available over the next 90 days."
request_259,253.91,affordable_later,wait,2024-11-15:935,2024-11-15,none,Pay EUR 935 in full on 15 November 2024. Paying earlier would take the balance below the EUR 600 minimum.
request_260,6331357.79,not_affordable,not_recommended,none,,none,"Do not proceed with the IDR 52,079,000 request. Although IDR 6,331,357.79 is available today, the full amount cannot be completed safely within 90 days."
request_261,1830.4,affordable_now,full_payment,2026-07-03:1830.4,2026-07-03,none,"Pay EUR 1,830.40 today. This leaves at least EUR 1,782.70 available over the next 90 days."
request_262,0,not_affordable,not_recommended,none,,none,"Do not make this payment by 24 January 2025. None of the available options keeps the IDR 31,018,500 minimum protected."
request_263,5769.2,not_affordable,not_recommended,none,,none,"Do not proceed with the ZAR 51,546 request. Although ZAR 5,769.20 is available today, the full amount cannot be completed safely within 90 days."
request_264,23451.57,affordable_later,wait,2026-06-15:111300,2026-06-15,none,"Pay INR 111,300 in full on 15 June 2026. Paying earlier would take the balance below the INR 59,500 minimum."
request_265,0,affordable_now,full_payment,2024-03-06:45970,2024-03-06,none,"Pay INR 45,970 today. This leaves at least INR 666,687.21 available over the next 90 days."
request_266,763.15,affordable_with_plan,installments,2025-08-03:324.13|2025-08-31:324.13|2025-09-28:324.13,2025-09-15,none,"Use 3 installments of EUR 324.13, starting 3 August 2025. This leaves at least EUR 1,071.26 available."
request_267,1645.11,affordable_with_plan,installments,2026-01-08:667.33|2026-02-07:667.33|2026-03-09:667.33,2026-02-15,none,"Use 3 installments of EUR 667.33, starting 8 January 2026. This leaves at least EUR 1,536.67 available."
request_268,1046.91,affordable_with_plan,installments,2024-06-14:841.22|2024-07-15:841.22|2024-08-15:841.22,2024-07-15,none,"Use 3 installments of EUR 841.22, starting 14 June 2024. This leaves at least EUR 1,605.69 available."
request_269,10115.56,affordable_later,wait,2025-11-15:15490,2025-11-15,none,"Pay ZAR 15,490 in full on 15 November 2025. Paying earlier would take the balance below the ZAR 23,100 minimum."
request_270,101.28,not_affordable,not_recommended,none,,none,"Do not proceed with the USD 3,028.80 request. Although USD 101.28 is available today, the full amount cannot be completed safely within 90 days."
request_271,13612.75,affordable_later,wait,2024-11-15:91300,2024-11-15,none,"Pay INR 91,300 in full on 15 November 2024. Paying earlier would take the balance below the INR 58,200 minimum."
request_272,5415032.84,affordable_with_plan,installments,2025-02-12:4709466.67|2025-03-12:4709466.67|2025-04-09:4709466.67,2025-03-15,none,"Use 3 installments of IDR 4,709,466.67, starting 12 February 2025. This leaves at least IDR 8,214,166.17 available."
request_273,9553277.24,affordable_with_plan,partial_payment,2026-04-07:9553277.24|2026-04-15:6307722.76,2026-04-15,none,"Pay IDR 9,553,277.24 today and the remaining IDR 6,307,722.76 on 15 April 2026. This completes the full request and keeps the IDR 18,774,600 minimum protected."
request_274,2119.36,affordable_with_plan,installments,2024-12-04:940.75|2025-01-04:940.75|2025-02-04:940.75,2025-01-15,none,"Use 3 installments of EUR 940.75, starting 4 December 2024. This leaves at least EUR 1,932.20 available."
request_275,15884000,affordable_now,full_payment,2025-05-06:15884000,2025-05-06,none,"Pay IDR 15,884,000 today. This leaves at least IDR 14,332,695.46 available over the next 90 days."
